{"cameraMode":{"drawMode":0,"name":"Shaded","section":"Shading Mode"},"sceneLighting":false,"audioPlay":false,"sceneViewState":{"m_AlwaysRefresh":false,"showFog":true,"showSkybox":true,"showFlares":true,"showImageEffects":true,"showParticleSystems":true,"showVisualEffectGraphs":true,"m_FxEnabled":true},"in2DMode":false,"pivot":{"x":-1.6994763612747193,"y":1.3391749858856202,"z":1.6317366361618043},"rotation":{"x":-0.2670314908027649,"y":-0.009570877067744732,"z":0.0025469439569860698,"w":-0.963702917098999},"size":5.7656168937683109,"orthographic":false}