{"cameraMode":{"drawMode":0,"name":"Shaded","section":"Shading Mode"},"sceneLighting":false,"audioPlay":false,"sceneViewState":{"m_AlwaysRefresh":false,"showFog":true,"showSkybox":true,"showFlares":true,"showImageEffects":true,"showParticleSystems":true,"showVisualEffectGraphs":true,"m_FxEnabled":true},"in2DMode":false,"pivot":{"x":-0.1679273545742035,"y":1.1896828413009644,"z":1.6886805295944214},"rotation":{"x":-0.054281383752822879,"y":-0.6761111617088318,"z":0.04991810396313667,"w":-0.7331990599632263},"size":2.383446216583252,"orthographic":false}